{
  "storeId": "your_store_id",
  "monday": {
    "workingHours": [
      {
        "start": "09:00",
        "end": "09:15"
      },
      {
        "start": "09:15",
        "end": "09:30"
      },
      {
        "start": "09:30",
        "end": "09:45"
      },
      {
        "start": "09:45",
        "end": "10:00"
      },
      {
        "start": "10:00",
        "end": "10:15"
      },
      {
        "start": "10:15",
        "end": "10:30"
      },
      {
        "start": "10:30",
        "end": "10:45"
      },
      {
        "start": "10:45",
        "end": "11:00"
      },
      {
        "start": "11:00",
        "end": "11:15"
      },
      {
        "start": "11:15",
        "end": "11:30"
      },
      {
        "start": "11:30",
        "end": "11:45"
      },
      {
        "start": "11:45",
        "end": "12:00"
      },
      {
        "start": "12:00",
        "end": "12:15"
      },
      {
        "start": "12:15",
        "end": "12:30"
      },
      {
        "start": "12:30",
        "end": "12:45"
      },
      {
        "start": "12:45",
        "end": "13:00"
      },
      {
        "start": "13:00",
        "end": "13:15"
      },
      {
        "start": "13:15",
        "end": "13:30"
      },
      {
        "start": "13:30",
        "end": "13:45"
      },
      {
        "start": "13:45",
        "end": "14:00"
      },
      {
        "start": "14:00",
        "end": "14:15"
      },
      {
        "start": "14:15",
        "end": "14:30"
      },
      {
        "start": "14:30",
        "end": "14:45"
      },
      {
        "start": "14:45",
        "end": "15:00"
      },
      {
        "start": "15:00",
        "end": "15:15"
      },
      {
        "start": "15:15",
        "end": "15:30"
      },
      {
        "start": "15:30",
        "end": "15:45"
      },
      {
        "start": "15:45",
        "end": "16:00"
      },
      {
        "start": "16:00",
        "end": "16:15"
      },
      {
        "start": "16:15",
        "end": "16:30"
      },
      {
        "start": "16:30",
        "end": "16:45"
      },
      {
        "start": "16:45",
        "end": "17:00"
      },
      {
        "start": "17:00",
        "end": "17:15"
      },
      {
        "start": "17:15",
        "end": "17:30"
      },
      {
        "start": "17:30",
        "end": "17:45"
      },
      {
        "start": "17:45",
        "end": "18:00"
      }
    ]
  },
  "tuesday": {
    "workingHours": [
      {
        "start": "09:00",
        "end": "09:15"
      },
      {
        "start": "09:15",
        "end": "09:30"
      },
      {
        "start": "09:30",
        "end": "09:45"
      },
      {
        "start": "09:45",
        "end": "10:00"
      },
      {
        "start": "10:00",
        "end": "10:15"
      },
      {
        "start": "10:15",
        "end": "10:30"
      },
      {
        "start": "10:30",
        "end": "10:45"
      },
      {
        "start": "10:45",
        "end": "11:00"
      },
      {
        "start": "11:00",
        "end": "11:15"
      },
      {
        "start": "11:15",
        "end": "11:30"
      },
      {
        "start": "11:30",
        "end": "11:45"
      },
      {
        "start": "11:45",
        "end": "12:00"
      },
      {
        "start": "12:00",
        "end": "12:15"
      },
      {
        "start": "12:15",
        "end": "12:30"
      },
      {
        "start": "12:30",
        "end": "12:45"
      },
      {
        "start": "12:45",
        "end": "13:00"
      },
      {
        "start": "13:00",
        "end": "13:15"
      },
      {
        "start": "13:15",
        "end": "13:30"
      },
      {
        "start": "13:30",
        "end": "13:45"
      },
      {
        "start": "13:45",
        "end": "14:00"
      },
      {
        "start": "14:00",
        "end": "14:15"
      },
      {
        "start": "14:15",
        "end": "14:30"
      },
      {
        "start": "14:30",
        "end": "14:45"
      },
      {
        "start": "14:45",
        "end": "15:00"
      },
      {
        "start": "15:00",
        "end": "15:15"
      },
      {
        "start": "15:15",
        "end": "15:30"
      },
      {
        "start": "15:30",
        "end": "15:45"
      },
      {
        "start": "15:45",
        "end": "16:00"
      },
      {
        "start": "16:00",
        "end": "16:15"
      },
      {
        "start": "16:15",
        "end": "16:30"
      },
      {
        "start": "16:30",
        "end": "16:45"
      },
      {
        "start": "16:45",
        "end": "17:00"
      },
      {
        "start": "17:00",
        "end": "17:15"
      },
      {
        "start": "17:15",
        "end": "17:30"
      },
      {
        "start": "17:30",
        "end": "17:45"
      },
      {
        "start": "17:45",
        "end": "18:00"
      }
    ]
  },
  "wednesday": {
    "workingHours": [
      {
        "start": "09:00",
        "end": "09:15"
      },
      {
        "start": "09:15",
        "end": "09:30"
      },
      {
        "start": "09:30",
        "end": "09:45"
      },
      {
        "start": "09:45",
        "end": "10:00"
      },
      {
        "start": "10:00",
        "end": "10:15"
      },
      {
        "start": "10:15",
        "end": "10:30"
      },
      {
        "start": "10:30",
        "end": "10:45"
      },
      {
        "start": "10:45",
        "end": "11:00"
      },
      {
        "start": "11:00",
        "end": "11:15"
      },
      {
        "start": "11:15",
        "end": "11:30"
      },
      {
        "start": "11:30",
        "end": "11:45"
      },
      {
        "start": "11:45",
        "end": "12:00"
      },
      {
        "start": "12:00",
        "end": "12:15"
      },
      {
        "start": "12:15",
        "end": "12:30"
      },
      {
        "start": "12:30",
        "end": "12:45"
      },
      {
        "start": "12:45",
        "end": "13:00"
      },
      {
        "start": "13:00",
        "end": "13:15"
      },
      {
        "start": "13:15",
        "end": "13:30"
      },
      {
        "start": "13:30",
        "end": "13:45"
      },
      {
        "start": "13:45",
        "end": "14:00"
      },
      {
        "start": "14:00",
        "end": "14:15"
      },
      {
        "start": "14:15",
        "end": "14:30"
      },
      {
        "start": "14:30",
        "end": "14:45"
      },
      {
        "start": "14:45",
        "end": "15:00"
      },
      {
        "start": "15:00",
        "end": "15:15"
      },
      {
        "start": "15:15",
        "end": "15:30"
      },
      {
        "start": "15:30",
        "end": "15:45"
      },
      {
        "start": "15:45",
        "end": "16:00"
      },
      {
        "start": "16:00",
        "end": "16:15"
      },
      {
        "start": "16:15",
        "end": "16:30"
      },
      {
        "start": "16:30",
        "end": "16:45"
      },
      {
        "start": "16:45",
        "end": "17:00"
      },
      {
        "start": "17:00",
        "end": "17:15"
      },
      {
        "start": "17:15",
        "end": "17:30"
      },
      {
        "start": "17:30",
        "end": "17:45"
      },
      {
        "start": "17:45",
        "end": "18:00"
      }
    ]
  },
  "thursday": {
    "workingHours": [
      {
        "start": "09:00",
        "end": "09:15"
      },
      {
        "start": "09:15",
        "end": "09:30"
      },
      {
        "start": "09:30",
        "end": "09:45"
      },
      {
        "start": "09:45",
        "end": "10:00"
      },
      {
        "start": "10:00",
        "end": "10:15"
      },
      {
        "start": "10:15",
        "end": "10:30"
      },
      {
        "start": "10:30",
        "end": "10:45"
      },
      {
        "start": "10:45",
        "end": "11:00"
      },
      {
        "start": "11:00",
        "end": "11:15"
      },
      {
        "start": "11:15",
        "end": "11:30"
      },
      {
        "start": "11:30",
        "end": "11:45"
      },
      {
        "start": "11:45",
        "end": "12:00"
      },
      {
        "start": "12:00",
        "end": "12:15"
      },
      {
        "start": "12:15",
        "end": "12:30"
      },
      {
        "start": "12:30",
        "end": "12:45"
      },
      {
        "start": "12:45",
        "end": "13:00"
      },
      {
        "start": "13:00",
        "end": "13:15"
      },
      {
        "start": "13:15",
        "end": "13:30"
      },
      {
        "start": "13:30",
        "end": "13:45"
      },
      {
        "start": "13:45",
        "end": "14:00"
      },
      {
        "start": "14:00",
        "end": "14:15"
      },
      {
        "start": "14:15",
        "end": "14:30"
      },
      {
        "start": "14:30",
        "end": "14:45"
      },
      {
        "start": "14:45",
        "end": "15:00"
      },
      {
        "start": "15:00",
        "end": "15:15"
      },
      {
        "start": "15:15",
        "end": "15:30"
      },
      {
        "start": "15:30",
        "end": "15:45"
      },
      {
        "start": "15:45",
        "end": "16:00"
      },
      {
        "start": "16:00",
        "end": "16:15"
      },
      {
        "start": "16:15",
        "end": "16:30"
      },
      {
        "start": "16:30",
        "end": "16:45"
      },
      {
        "start": "16:45",
        "end": "17:00"
      },
      {
        "start": "17:00",
        "end": "17:15"
      },
      {
        "start": "17:15",
        "end": "17:30"
      },
      {
        "start": "17:30",
        "end": "17:45"
      },
      {
        "start": "17:45",
        "end": "18:00"
      }
    ]
  },
  "friday": {
    "workingHours": [
      {
        "start": "09:00",
        "end": "09:15"
      },
      {
        "start": "09:15",
        "end": "09:30"
      },
      {
        "start": "09:30",
        "end": "09:45"
      },
      {
        "start": "09:45",
        "end": "10:00"
      },
      {
        "start": "10:00",
        "end": "10:15"
      },
      {
        "start": "10:15",
        "end": "10:30"
      },
      {
        "start": "10:30",
        "end": "10:45"
      },
      {
        "start": "10:45",
        "end": "11:00"
      },
      {
        "start": "11:00",
        "end": "11:15"
      },
      {
        "start": "11:15",
        "end": "11:30"
      },
      {
        "start": "11:30",
        "end": "11:45"
      },
      {
        "start": "11:45",
        "end": "12:00"
      },
      {
        "start": "12:00",
        "end": "12:15"
      },
      {
        "start": "12:15",
        "end": "12:30"
      },
      {
        "start": "12:30",
        "end": "12:45"
      },
      {
        "start": "12:45",
        "end": "13:00"
      },
      {
        "start": "13:00",
        "end": "13:15"
      },
      {
        "start": "13:15",
        "end": "13:30"
      },
      {
        "start": "13:30",
        "end": "13:45"
      },
      {
        "start": "13:45",
        "end": "14:00"
      },
      {
        "start": "14:00",
        "end": "14:15"
      },
      {
        "start": "14:15",
        "end": "14:30"
      },
      {
        "start": "14:30",
        "end": "14:45"
      },
      {
        "start": "14:45",
        "end": "15:00"
      },
      {
        "start": "15:00",
        "end": "15:15"
      },
      {
        "start": "15:15",
        "end": "15:30"
      },
      {
        "start": "15:30",
        "end": "15:45"
      },
      {
        "start": "15:45",
        "end": "16:00"
      },
      {
        "start": "16:00",
        "end": "16:15"
      },
      {
        "start": "16:15",
        "end": "16:30"
      },
      {
        "start": "16:30",
        "end": "16:45"
      },
      {
        "start": "16:45",
        "end": "17:00"
      },
      {
        "start": "17:00",
        "end": "17:15"
      },
      {
        "start": "17:15",
        "end": "17:30"
      },
      {
        "start": "17:30",
        "end": "17:45"
      },
      {
        "start": "17:45",
        "end": "18:00"
      }
    ]
  },
  "saturday": {
    "workingHours": [
      {
        "start": "09:00",
        "end": "09:15"
      },
      {
        "start": "09:15",
        "end": "09:30"
      },
      {
        "start": "09:30",
        "end": "09:45"
      },
      {
        "start": "09:45",
        "end": "10:00"
      },
      {
        "start": "10:00",
        "end": "10:15"
      },
      {
        "start": "10:15",
        "end": "10:30"
      },
      {
        "start": "10:30",
        "end": "10:45"
      },
      {
        "start": "10:45",
        "end": "11:00"
      },
      {
        "start": "11:00",
        "end": "11:15"
      },
      {
        "start": "11:15",
        "end": "11:30"
      },
      {
        "start": "11:30",
        "end": "11:45"
      },
      {
        "start": "11:45",
        "end": "12:00"
      },
      {
        "start": "12:00",
        "end": "12:15"
      },
      {
        "start": "12:15",
        "end": "12:30"
      },
      {
        "start": "12:30",
        "end": "12:45"
      },
      {
        "start": "12:45",
        "end": "13:00"
      },
      {
        "start": "13:00",
        "end": "13:15"
      },
      {
        "start": "13:15",
        "end": "13:30"
      },
      {
        "start": "13:30",
        "end": "13:45"
      },
      {
        "start": "13:45",
        "end": "14:00"
      },
      {
        "start": "14:00",
        "end": "14:15"
      },
      {
        "start": "14:15",
        "end": "14:30"
      },
      {
        "start": "14:30",
        "end": "14:45"
      },
      {
        "start": "14:45",
        "end": "15:00"
      },
      {
        "start": "15:00",
        "end": "15:15"
      },
      {
        "start": "15:15",
        "end": "15:30"
      },
      {
        "start": "15:30",
        "end": "15:45"
      },
      {
        "start": "15:45",
        "end": "16:00"
      },
      {
        "start": "16:00",
        "end": "16:15"
      },
      {
        "start": "16:15",
        "end": "16:30"
      },
      {
        "start": "16:30",
        "end": "16:45"
      },
      {
        "start": "16:45",
        "end": "17:00"
      },
      {
        "start": "17:00",
        "end": "17:15"
      },
      {
        "start": "17:15",
        "end": "17:30"
      },
      {
        "start": "17:30",
        "end": "17:45"
      },
      {
        "start": "17:45",
        "end": "18:00"
      }
    ]
  },
  "sunday": {
    "workingHours": []
  }
}